"pathway","pval","padj","log2err","ES","NES","size","leadingEdge"
"HALLMARK_MYC_TARGETS_V1",1.16830331190759e-30,5.84151655953793e-29,1.43902565267782,-0.667200587728135,-2.61631868878884,199,"HNRNPA3,NAP1L1,EIF1AX,USP1,BUB3,SERBP1,RAN,NPM1,DEK,UBA2,SYNCRIP,CBX3,HNRNPU,XPOT,YWHAQ,RSL1D1,HNRNPA2B1,ACP1,ABCE1,XPO1,RPL14,HPRT1,PRPS2,TOMM70,EIF4E,G3BP1,UBE2E1,DDX18,PTGES3,PSMC6,RPL22,HSPD1,GNL3,SNRPA1,SRSF3,EEF1B2,NCBP2,SET,NOLC1,DDX21,IFRD1,SRSF2,HNRNPA1,CCT2,CLNS1A,SRSF1,TRA2B,C1QBP,VBP1,DHX15,MCM6,HNRNPD,SRSF7,GLO1,EIF4G2,RPL34,EIF2S1,RAD23B,SSB,HNRNPC,KPNA2,AP3S1,HNRNPR,RRM1,PSMD14,CNBP,EIF3J,GSPT1,APEX1,RPL6,PWP1,PRDX3,CANX,PPIA,MRPL9,ERH,HSPE1,YWHAE,NCBP1,RPS10,RFC4,IARS1,PCNA,RPLP0,RPS6,SSBP1,KARS1,ORC2,STARD7,PA2G4,PSMA6,SNRPG,TYMS,HDDC2,SMARCC1,PSMA4,SF3A1,VDAC3,NME1,POLE3,EPRS1,HDAC2,CCT4,SNRPD1,RPS2,TARDBP,PSMA1,FBL,PABPC4,PABPC1,SNRPB2,RPS5,CDK2,SLC25A3,TCP1,PGK1,MYC,PSMA2,H2AZ1,ETF1,EIF2S2,LDHA,RACK1,GOT2,NOP16,MAD2L1,MCM4,IMPDH2,CDK4,PHB2,ILF2,COX5A,RPS3,DUT,EIF3D,PRDX4,MCM5"
"HALLMARK_E2F_TARGETS",1.59719861748194e-12,3.99299654370486e-11,0.910119734774459,-0.536142967053175,-2.10239752536832,199,"ASF1A,NUDT21,ANP32E,NAP1L1,SMC4,USP1,PSIP1,DCK,LUC7L3,RAN,TFRC,IPO7,DEK,RAD21,SYNCRIP,XPO1,PNN,PDS5B,EED,NUP107,TMPO,CDKN1B,LBR,NOLC1,MTHFD2,CSE1L,SMC3,NUP153,SRSF2,RAD1,SRSF1,TRA2B,MCM6,PAICS,HNRNPD,MRE11,EIF2S1,KPNA2,RFC3,SMC1A,STMN1,TBRG4,RBBP7,MSH2,ILF3,GSPT1,RACGAP1,STAG1,PPM1D,RRM2,CDKN2C,PPP1R8,CNOT9,UBR7,AK2,PCNA,HMGB2,NASP,DNMT1,WEE1,ORC2,EXOSC8,CBX5,PA2G4,NME1,PRPS1,MLH1,TCF19,RPA3,NUP205,HELLS,SLBP,EZH2,SMC6,BARD1,RPA1,RAD51C,CCP110,CDC25B,HUS1,RFC1,CKS1B,NBN,TUBG1,MYC,RAD50,H2AZ1,TP53,MAD2L1,MCM4,ATAD2,GINS3,TUBB,CDK4,AURKA,TIPIN,DUT,CKS2,PRDX4,MCM5,ING3,POLD3,PAN2,PRIM2,HMGA1,UNG,DONSON"
"HALLMARK_OXIDATIVE_PHOSPHORYLATION",9.52894982513723e-11,1.58815830418954e-09,0.839088935621274,-0.515827460037892,-2.02273356575268,199,"ACADM,LRPPRC,PDP1,CYCS,ACAT1,COX11,DLAT,ISCA1,SUCLA2,TOMM70,NDUFA5,TIMM17A,ALDH6A1,LDHB,UQCRB,PDHX,COX7A2,ATP5F1C,SDHD,COX6C,MTRR,HSPA9,FXN,OPA1,COX7B,TIMM9,ATP5MG,AFG3L2,NDUFB5,RHOT1,GLUD1,MDH1,UQCR10,DLD,CASP7,MRPS30,PRDX3,ATP1B1,NDUFB4,UQCRC2,IDH3A,MRPL15,NDUFA6,PDHB,MPC1,COX17,PDK4,FDX1,HCCS,TOMM22,NDUFS4,MGST3,IDH1,ATP5PB,GRPEL1,VDAC3,COX7A2L,ETFA,PDHA1,ATP5PO,MRPS22,MRPL35,PHYH,NDUFB8,ACADSB,TIMM8B,COX4I1,ABCB7,MTRF1,COX10,NNT,BDH2,ATP5PF,SLC25A5,SLC25A3,UQCRH,UQCRFS1,ATP5MC2,ATP6V1G1,ATP5MC3,MRPS11,NDUFB6,LDHA,GOT2,UQCRQ,SLC25A6,MTX2,PHB2,CS,COX5A,SLC25A12,SUPV3L1,OXA1L,ATP5F1A,COX15,NDUFS1,NDUFA4,ATP5F1E,ATP6V1C1,NDUFA1,NDUFA8,NDUFB2,NDUFS3,ATP5ME,RETSAT,ATP6V0E1,ISCU,VDAC2,ATP5PD,CYB5A,SDHC,SDHA,NDUFC2,NDUFAB1,MRPL34,MRPL11,NDUFV2,HADHB,OAT,GPI,NDUFA3,TIMM13,ATP5F1D,IMMT,MDH2"
"HALLMARK_MTORC1_SIGNALING",9.84882669734874e-09,1.23110333716859e-07,0.747739663149885,-0.489499916138112,-1.91949438041346,199,"ADD3,SERP1,TFRC,CCNG1,PPA1,INSIG1,FGL2,RDH11,ACTR3,HPRT1,UBE2D3,PDK1,SKAP2,GSK3B,PSMC6,HSPD1,UFM1,GCLC,PSMD12,TMEM97,CACYBP,MTHFD2,TCEA1,HSPA9,IFRD1,MLLT11,RIT1,CCT6A,SSR1,SRD5A1,GMPS,PSAT1,HSP90B1,USO1,ELOVL5,PSMD14,SYTL2,ERO1A,GTF2H1,GLRX,PSMG1,RRM2,RAB1A,PSMC2,CANX,PPIA,EEF1E1,P4HA1,UCHL5,HSPE1,ACSL3,NUFIP1,SQLE,GGA2,CALR,EDEM1,DHFR,ACTR2,PSMA4,IDH1,HSPA4,SEC11A,CYB5B,ARPC5L,EPRS1,CYP51A1,NUP205,SLC1A4,NAMPT,XBP1,PSMA3,RPA1,GBE1,ATP2A2,TES,M6PR,ASNS,BHLHE40,ACLY,TUBG1,SC5D,PGK1,HMGCS1,IDI1,SORD,MTHFD2L,ETF1,EIF2S2,LDHA,PNO1,MCM4,AURKA,LTA4H,SLC7A5,TRIB3,HK2,CTSC,CXCR4,TBK1,HMGCR,UNG,PNP"
"HALLMARK_UNFOLDED_PROTEIN_RESPONSE",4.99938003705188e-08,4.99938003705188e-07,0.719512826338911,-0.540904635177288,-2.02994254895507,112,"SERP1,SLC30A5,NPM1,EIF2AK3,XPOT,EIF4A2,DCP2,EIF4E,NABP1,DNAJB9,PAIP1,MTREX,SRPRB,NOLC1,MTHFD2,HSPA9,SSR1,CNOT2,PSAT1,KIF5B,YWHAZ,EIF2S1,HSP90B1,CNOT6,DKC1,ERO1A,BAG3,SDAD1,ATF6,IARS1,SPCS1,EXOC2,CALR,EDEM1,DCP1A,PDIA6,NFYB,GOSR2,SEC11A,DNAJC3,CEBPG,DNAJA4,SRPRA,DDX10,SEC31A,SLC1A4,ALDH18A1,XBP1,KHSRP,EXOSC2,IMP3,RPS14,LSM1,VEGFA,SPCS3,ASNS,CKS1B,NOP14,CNOT4"
"HALLMARK_G2M_CHECKPOINT",2.96400407719916e-07,2.47000339766597e-06,0.674962860011025,-0.460480169671765,-1.80653176709953,200,"SLC38A1,SMC4,CASP8AP2,PRPF4B,BUB3,RAD21,SRSF10,SYNCRIP,NUMA1,HNRNPU,PURA,CUL5,DR1,XPO1,SFPQ,ORC5,DBF4,G3BP1,PDS5B,TMPO,CDKN1B,LBR,ATRX,NOLC1,CUL3,SRSF2,SLC7A1,MTF2,AMD1,CDC27,SRSF1,TRA2B,CUL4A,MCM6,HNRNPD,KIF5B,RAD23B,SS18,TENT4A,KPNA2,SMC1A,H2AZ2,STMN1,DKC1,ILF3,GSPT1,RACGAP1,STAG1,MARCKS,ARID4A,CDKN2C,YTHDC1,HIF1A,SQLE,CBX1,FOXN3,NASP,RPS6KA5,SMC2,LIG3,FBXO5,HSPA8,SMARCC1,NCL,SAP30,HMGN2,NUP50,SLC12A2,MAP3K20,SNRPD1,EZH2,PAFAH1B1,BARD1,CDC25B,HUS1,CKS1B,CDC7,MYC,H2AZ1,MAD2L1,MEIS1,CDK4,NSD2,AURKA,CKS2,CCNT1"
"HALLMARK_PROTEIN_SECRETION",7.29596979768489e-07,5.21140699834635e-06,0.659444398037935,-0.546123723211234,-2.01255840917325,96,"ANP32E,ADAM10,RAB2A,LMAN1,BNIP3,RPS6KA3,TPD52,TMX1,ARFGEF2,STAM,RAB14,CLN5,RAB22A,TMED10,VPS4B,STX7,COPB1,SCAMP1,SNX2,TMED2,DNM1L,CLCN3,GOLGA4,ATP7A,LAMP2,USO1,GALC,AP3S1,NAPG,SGMS1,ARFIP1,RAB5A,VAMP7,SEC22B,VAMP4,MON2,SNAP23,ARFGEF1,SOD1,ARFGAP3,GOSR2,BET1,STX12,COG2,SEC31A,DOP1A,YIPF6,M6PR,SEC24D,GNAS,AP1G1,CLTC,CLTA,ATP1A1,CTSC,STX16,PPT1,SSPN,OCRL,RER1,PAM,ZW10,VAMP3"
"HALLMARK_ANDROGEN_RESPONSE",4.85664432311535e-06,2.69813573506408e-05,0.610526878385931,-0.51979077701346,-1.91819318575794,100,"INPP4B,STK39,SLC38A2,ELK4,UBE2J1,TNFAIP8,INSIG1,SLC26A2,ARID5B,LMAN1,RPS6KA3,CDK6,GNAI3,DNAJB9,APPBP2,TPD52,PIAS1,MAF,GPD1L,SGK1,ZBTB10,ANKH,ELOVL5,RAB4A,UAP1,SRP19,STEAP4,ITGAV,UBE2I,NCOA4,SAT1,VAPA,ELL2,ACSL3,NGLY1,TSC22D1,IQGAP2,PA2G4,SMS,MAP7,XRCC5,ZMIZ1,DBI,PDLIM5,SPCS3,SEC24D,HMGCS1,IDI1,CDC14B,SORD"
"HALLMARK_MYOGENESIS",4.79106950849366e-06,2.69813573506408e-05,0.610526878385931,0.304103621767676,1.71468190618903,199,"GPX3,PDLIM7,PVALB,NCAM1,COL6A2,PTGIS,CLU,SLC6A8,DAPK2,TSC2,TNNI2,PDE4DIP,PYGM,ADAM12,GNAO1,COL4A2,FLII,LDB3,AGRN,BAG1,ACTN2,TNNT3,ITGB5,MYF6,AEBP1,MYOM2,GSN,TPM3,ADCY9,GADD45B,SPDEF,COL3A1,DTNA,NOTCH1,PTP4A3,CHRNB1,CHRNA1,AK1,HDAC5,CAMK2B,IGF1,MYLK,MAPK12,PGAM2,SGCD,SORBS1,SMTN,MYH11,MAPRE3,WWTR1,MYO1C,MB,NQO1,NOS1,SYNGR2,GJA5,TGFB1,SIRT2,SLN,ATP2A1,COL15A1,MYL3,TAGLN,SORBS3,CKMT2,STC2,TCAP,CACNA1H,ACHE,ATP6AP1,ERBB3,DES,SCD,MYH9,MYL6B,CHRNG,SVIL,PPP1R3C,CTF1,MRAS,FST,ACSL1,CRYAB,PICK1,MYL1,SCHIP1,MYBPC3,REEP1,ITGA7,TPM2,MYL2"
"HALLMARK_KRAS_SIGNALING_DN",7.35800789388981e-05,0.000367900394694491,0.538434096309916,0.278846066596695,1.56187565984925,200,"PDK2,MX1,NR6A1,CAMK1D,MAST3,GP1BA,SHOX2,YPEL1,SOX10,EPHA5,CHST2,KMT2D,RSAD2,SPTBN2,SERPINB2,THRB,KCNN1,TFCP2L1,SNN,TFAP2B,SCN10A,IDUA,GP2,KCNQ2,MTHFR,PROP1,TCL1A,LFNG,PAX4,IFI44L,FGF16,NOS1,CD207,AKR1B10,PAX3,SLC38A3,PNMT,ZBTB16,BMPR1B,SLC6A3,MEFV,KLK8,MYO15A,SPRR3,FSHB,HNF1A,EDN2,CHRNG,MYOT,ADRA2C,TNNI3,P2RX6,CD80,LYPD3,TG,BRDT,FGGY,NGB,TEX15,MAGIX,ENTPD7,PRKN,CLDN8,SLC12A3,PKP1,CPEB3,KCND1,CACNA1F,STAG3,ARPP21,RGS11,COL2A1,TENM2,HSD11B2,SPHK2,INSL5,TGM1,ATP4A,DLK2,MSH5,ABCB11,ARHGDIG,NUDT11,CCR8,P2RY4,VPREB1,TGFB2,GDNF,GPRC5C,FGFR3,NR4A2,COPZ2,CALML5,BTG2,YBX2,SCGB1A1,SLC30A3,KRT5,SYNPO,LGALS7,HTR1D,IGFBP2,CPB1,TFF2,IRS4,KCNE2,KCNMB1,NRIP2,PRODH,ALOX12B,DCC,RIBC2,NPY4R,THNSL2"
"HALLMARK_INTERFERON_ALPHA_RESPONSE",8.15845801856933e-05,0.00037083900084406,0.538434096309916,0.357177361221807,1.85407559081179,97,"OASL,SAMD9L,IFIT3,ISG15,MX1,IFI35,IFIT2,SP110,CD74,IFI27,TRIM25,OAS1,CSF1,ELF1,TRIM21,PARP9,ISG20,TRAFD1,RNF31,TAP1,RSAD2,HELZ2,TRIM14,CNP,PARP14,IRF7,IFITM2,WARS1,PLSCR1,ADAR,GMPR,BST2,IFITM1,IFI44L,OGFR"
"HALLMARK_COAGULATION",0.000307517238815213,0.00128132182839672,0.49849310876659,0.308281476203992,1.65805094167934,138,"MMP9,SERPING1,WDR1,SERPINA1,CLU,GP1BA,GP9,PECAM1,ITGB3,TIMP1,FGA,CAPN5,C3,PRSS23,GSN,SH2B2,PROC,SERPINB2,KLF7,BMP1,MASP2,CPQ,APOC1,F12,CASP9,MMP2,C8A,GNB2,MSRB2,TMPRSS6,ANXA1,PLG,CFB,CD9,APOC3,APOC2,SIRT2,RAC1,MMP11,KLK8,S100A1,A2M,HRG,THBD,TF,HNF4A,RAPGEF3,F3,FN1,CPB2,CPN1,PEF1,PLAU,MMP14,PLEK,MMP1,GDA,LRP1,PDGFB,C9,MEP1A"
"HALLMARK_MYC_TARGETS_V2",0.000500584945902614,0.00192532671501005,0.477270815362862,-0.516694704479787,-1.76408287382223,57,"TFB2M,NPM1,CBX3,DDX18,HSPD1,WDR43,GNL3,TMEM97,NOLC1,NIP7,TBRG4,NDUFAF4,HSPE1,PRMT3,PA2G4,MPHOSPH10,MYC,SORD,GRWD1,NOP16,MCM4,CDK4,SUPV3L1,MCM5,HK2,RCL1,LAS1L,UNG,AIMP2,RRP9,PUS1,IPO4,MYBBP1A,PPAN,PPRC1,UTP20,DCTPP1"
"HALLMARK_ALLOGRAFT_REJECTION",0.000771797834787416,0.00275642083852648,0.477270815362862,-0.393514369617213,-1.54381503557553,200,"TRAT1,ITK,EIF5A,LY75,CD28,MRPL3,UBE2N,NPM1,ETS1,RPS3A,CD47,ABCE1,CRTAM,GPR65,HDAC9,ST8SIA4,ABI1,NCK1,TPD52,DARS1,FAS,IL15,EIF3A,RPL9,CD96,RPL39,CD3E,GALNT1,MAP3K7,PTPRC,ACVR2A,LCK,STAT4,MTIF2,CCND2,BCL10,STAT1,CD2,EIF3J,CD3D,CCR2,UBE2D1,FYB1,TAP2,CD8B,HIF1A,KRT1,IKBKB,IRF8,CD40LG,CD3G,PRKCB,IGSF6,NME1,CD7,RPS19,SOCS5,LCP2,CD1D,HLA-DOA,DEGS1,GBP2,CTSS,HLA-DMB,IFNAR2,IFNGR1,IRF4,CD247,IL2RB"
"HALLMARK_HEME_METABOLISM",0.000968345470540243,0.00322781823513414,0.477270815362862,-0.390659304786352,-1.53261419424993,200,"BPGM,KLF3,TFRC,SLC11A2,NEK7,SLC30A1,RNF19A,NR3C1,CPOX,CROCCP2,ISCA1,BNIP3L,FBXO9,ALDH6A1,GCLC,DCUN1D1,CDR2,TCEA1,XK,AQP3,CA1,GYPB,CDC27,MINPP1,USP15,YPEL5,PICALM,BMP2K,SYNJ1,GMPS,CLCN3,KAT2B,ACSL6,LAMP2,MARK3,DAAM1,OPTN,MFHAS1,TRAK2,NCOA4,ANK1,ELL2,FBXO34,TENT5C,BACH1,MOSPD1,SNCA,UCP2,FECH,MGST3,FOXO3,MKRN1,VEZF1,RIOK3,CAT,SLC25A38,OSBP2,TMEM9B,NUDT4,CA2,CAST,TNS1,NNT,GCLM,ALAD,ASNS,ATG4A,UROS,HTATIP2,CTSE,ALAS2,SDCBP,TFDP2,DCAF10,GLRX5,GAPVD1,MARCHF8,RNF123,RCL1,CCDC28A,PPOX,GYPA,CLIC2,ERMAP,TRIM58,UROD,RANBP10,SLC4A1,BTRC"
"HALLMARK_DNA_REPAIR",0.0011792309308539,0.00353149531252567,0.45505986738723,-0.414672190202378,-1.60011133908569,150,"NUDT21,AK3,SMAD5,HPRT1,UPF3B,ERCC4,POLR2K,GTF2H3,POLR3GL,NCBP2,RALA,DCTN4,RRM2B,TMED2,ARL6IP1,SRSF6,RFC3,TAF13,POLR2D,ZWINT,GTF2H1,SNAPC5,RFC4,RNMT,PCNA,ELOA,COX17,PDE4B,TAF9,POLR1D,RFC5,NUDT9,TYMS,CSTF3,GTF2A2,NME1,NFX1,ERCC5,RPA3,PRIM1,CMPK2,REV3L,MRPL40,UMPS,DGCR8,NELFCD,POLH,ADA,FEN1,TP53,GTF2H5,IMPDH2,SF3A3,ERCC1,EIF1B,NME4,SDCBP,DUT,GSDME,NPR2,POLD3,POLR3C,POLR1C,POLA1,PNP,CLP1,RPA2,APRT,POLE4,POLB,ERCC8,GTF2B,POLR2E"
"HALLMARK_EPITHELIAL_MESENCHYMAL_TRANSITION",0.00120070840625873,0.00353149531252567,0.45505986738723,0.249699912788103,1.39862190207722,200,"MYL9,SPP1,ANPEP,COL6A2,SLC6A8,PDLIM4,CD59,ADAM12,COL4A2,ITGB3,QSOX1,PLAUR,TIMP1,JUN,FLNA,DST,COL5A1,NOTCH2,FBLN1,ITGA5,LOXL2,ITGB5,PVR,OXTR,CALD1,THY1,GADD45B,BMP1,COL3A1,COL1A2,RGS4,CDH11,PLOD1,BGN,DAB2,TNC,PMP22,MYLK,FMOD,COPA,MMP2,SGCD,LAMC2,NTM,ABI3BP,SLIT3,MSX1,NNMT,MFAP5,CDH2,CAPG,MGP,TGFB1,IGFBP4,TAGLN,POSTN,APLP1,FOXC2,LGALS1,LAMA3,LAMC1,RHOB,COLGALT1,LOX,SDC4,CADM1,ELN,PMEPA1,COL12A1,FN1,BASP1,ECM2,MMP14,MMP1,BDNF,ECM1,LRP1,PRRX1,PLOD2,TPM2,PTHLH,COL1A1,CDH6,SPOCK1,COL16A1,TPM4,FSTL3,SPARC,FSTL1,THBS2,SFRP1,FZD8,PDGFRB,FERMT2,TNFRSF12A,SFRP4,EFEMP2,SGCG,TFPI2"
"HALLMARK_ADIPOGENESIS",0.00205962518530299,0.00572118107028609,0.431707695803346,-0.378783042325209,-1.48602186123859,200,"CMPK1,CD36,ACADM,HADH,EPHX2,TANK,G3BP2,DLAT,DRAM2,CD302,PPM1B,UBQLN1,REEP5,CAVIN2,NABP1,HIBCH,DNAJB9,NDUFA5,GHITM,CCNG2,SCP2,RNF11,ATL2,DNAJC15,PDCD4,COX7B,PPP1R15B,SLC66A3,TOB1,CHUK,UQCR10,DLD,MCCC1,CDKN2C,PRDX3,MAP4K3,IDH3A,PTCD3,MRPL15,AK2,MTCH2,YWHAG,DBT,SOD1,UCP2,MGST3,IDH1,GRPEL1,COQ3,PLIN2,BCL2L13,ATP5PO,RIOK3,CAT,PHYH,GPD2,GBE1,COQ5,IFNGR1,ACLY,CPT2,GPAM"
"HALLMARK_FATTY_ACID_METABOLISM",0.00334748209993757,0.00880916342088835,0.431707695803346,-0.393239014250795,-1.51968237409556,156,"XIST,CD36,ACADM,SUCLG2,HADH,CPOX,HSPH1,RDH11,HSP90AA1,SUCLA2,OSTC,HIBCH,SDHD,CRYZ,ELOVL5,MDH1,DLD,SERINC1,METAP1,ALDH3A2,APEX1,PDHB,RAP1GDS1,HCCS,SMS,IDH1,ALDH9A1,HSD17B11,PDHA1,UGDH,CD1D,GPD2,ECI2,CA2,ACSL5,MCEE,ENO2,GCDH,ALAD,NBN,CPT2,BCKDHB,ADSL,HMGCS1,ACAT2,IDI1,UROS,H2AZ1,LDHA,ALDH1A1,SLC22A5,HPGD,ACOT2,ERP29,MIF,CBR3"
"HALLMARK_PI3K_AKT_MTOR_SIGNALING",0.00871118168315727,0.0217779542078932,0.380730400722792,-0.409215490394636,-1.52950500605868,105,"CAMK4,ATF1,UBE2N,PIKFYVE,ACTR3,UBE2D3,EIF4E,PDK1,RPS6KA3,GSK3B,THEM4,PTPN11,NCK1,CDKN1B,TIAM1,SMAD2,ITPR2,RIT1,PTEN,MAPK8,MAPK9,MAP3K7,HSP90B1,LCK"
"HALLMARK_TGF_BETA_SIGNALING",0.0096038469439755,0.0228663022475607,0.380730400722792,-0.470323049429941,-1.59683709248215,54,"NOG,ARID4B,TRIM33,UBE2D3,TGFBR1,PPM1A,KLF10,XIAP,CTNNB1,FNTA,MAP3K7,SKIL,SPTBN1,ACVR1,TGIF1,BMPR2,SMURF2,APC,THBS1,SLC20A1,ID3,ID2,SMAD7"
"HALLMARK_INTERFERON_GAMMA_RESPONSE",0.0116888653862603,0.0265656031505917,0.380730400722792,0.222554714317373,1.24880494878956,198,"HLA-DQA1,SERPING1,OASL,SAMD9L,IFIT3,FCGR1A,TNFAIP2,ZBP1,ISG15,MX1,RNF213,IFI35,HLA-DRB1,IFIT2,OAS3,NFKBIA,SP110,CD74,IFI27,TRIM25,TNFAIP6,PTPN1,STAT3,TRIM21,ISG20,TRAFD1,RNF31,MX2,VAMP5,TAP1,RSAD2,HELZ2,TRIM14,PARP14,NOD1,IRF7,IFITM2,WARS1,UPP1,PML,PLSCR1,SOCS3,FPR1,IL18BP,ICAM1"
"HALLMARK_PEROXISOME",0.0160063491531055,0.0347964112024032,0.352487857583619,-0.388088478495189,-1.44535706840887,104,"LONP2,ISOC1,EPHX2,RDH11,SLC25A17,PEX2,ABCD3,SIAH1,SCP2,VPS4B,ELOVL5,NUDT19,CNBP,MSH2,BCL10,CLN8,PEX13,SOD1,SMARCC1,IDH1,ALDH9A1,GNPAT,HSD17B11,CAT,PEX11B,ECI2,ACSL5,PABPC1,IDE,SLC23A2,DHRS3,IDI1,ITGB1BP1,ALDH1A1,ABCB9,ERCC1"
"HALLMARK_UV_RESPONSE_DN",0.0227322536624295,0.0473588617967282,0.352487857583619,-0.359004895452447,-1.37786939271641,144,"ADD3,RASA2,INPP4B,DLG1,NEK7,NR3C1,INSIG1,AGGF1,PRKCA,DYRK1A,SCAF8,ATP2B1,NR1D2,CDKN1B,ATRX,SRI,SLC7A1,PTEN,TOGARAM1,ATP2C1,FBLN5,ACVR2A,FYN,TENT4A,MIOS,PHF3,CDK13,ANXA4,NIPBL,TGFBR2,YTHDC1,SFMBT1,SYNJ2,CITED2,MTA1,MRPS31,WDR37,DMAC2L,PRDM2,ZMIZ1,TGFBR3,CELF2,PDLIM5,AKT3,SMAD7,BHLHE40,BCKDHB,MYC,ABCC1"
"HALLMARK_APICAL_JUNCTION",0.0334250602803143,0.0668501205606286,0.321775918075361,0.210234084403711,1.18540048453174,199,"MMP9,MYL9,EGFR,SIRPA,ACTN1,BAIAP2,MADCAM1,NECTIN2,PBX2,CTNNA1,PECAM1,PLCG1,NLGN2,ALOX15B,MAPK14,MVD,ACTN2,ACTN4,MPZL1,YWHAH,CD276,THY1,TSPAN4,ADAM23,STX4,BMP1,FSCN1,ICAM4,CDH11,PPP2R2C,ADRA1B,NECTIN1,ICAM1,B4GALT1,MMP2,GTF2F1,LAMC2,CDSN,NF2,JAM3,VASP,NF1,CD209,CERCAM,NRAP,MAPK11,RAC2,IKBKG,NLGN3,GNAI2,DMP1,ZYX,SORBS3,CD34,VCL,CLDN9,ADAM15,LAMA3,PARVA,NFASC,INPPL1,MYH9,MAPK13,ACTB,NRXN2,COL9A1,FLNC,NECTIN4,TJP1,SRC,CLDN19,SDC3,SYMPK,CLDN5,CLDN11,CLDN8,WNK4,SYK,CADM2,CDH6,ACTG2,CNTN1,COL16A1,ICAM5,PARD6G,CLDN15"
"HALLMARK_ANGIOGENESIS",0.0714374076234575,0.136332651670075,0.287805130535564,0.323246891384592,1.32782783434044,36,"PGLYRP1,SPP1,TIMP1,PDGFA,NRP1,COL3A1,APOH,JAG2,FGFR1,MSX1,KCNJ8,POSTN,THBD"
"HALLMARK_IL2_STAT5_SIGNALING",0.0736196319018405,0.136332651670075,0.16440575583821,-0.318048573595476,-1.24658760748273,198,"PRNP,PHTF2,BCL2,RORA,CDC42SE2,SLC39A8,FGL2,SOCS2,ITGA6,NT5E,LRIG1,GPR65,TIAM1,RHOH,LRRC8C,SNX14,SWAP70,FLT3LG,PTCH1,ICOS,IKZF2,ALCAM,MAP3K8,HOPX,ITGAV,CCND2,AHR,NFKBIZ,CTLA4,TRAF1,CD44,CASP3,ANXA4,P4HA1,TWSG1,PLAGL1,TTC39B,BMPR2,TNFSF10,EMP1,ITGAE,NCOA3,CYFIP1,GBP4,IRF8,PRKCH,RABGAP1L,TGM2,CISH,GUCY1B1,PLIN2,CD48,PTGER2,HUWE1,XBP1,CA2,TLR7,RRAGD,IFNGR1,IRF4,UMPS,CD81,IL2RB,AMACR,BHLHE40,DHRS3"
"HALLMARK_MITOTIC_SPINDLE",0.0940695296523517,0.167981302950628,0.143758989039275,-0.313966541481537,-1.23116877479019,199,"RASA2,SMC4,LRPPRC,RAPGEF6,DLG1,TLK1,NUMA1,RICTOR,LATS1,ARHGEF3,PCGF5,RASA1,ARF6,TUBGCP3,CEP57,ROCK1,NIN,ABI1,PPP4R2,RANBP9,NCK1,TIAM1,SMC3,STK38L,HOOK3,PKD2,CDC27,CD2AP,CNTRL,KIF5B,PCM1,ARHGAP5,NEDD9,SMC1A,NET1,TUBD1,SPTBN1,RACGAP1,MARCKS,YWHAE,CEP192,APC,ARFGEF1,ALMS1,WASL,FBXO5,RAB3GAP1,BCR,SOS1,PALLD,KIFAP3,CENPJ,CCDC88A"
"HALLMARK_INFLAMMATORY_RESPONSE",0.106897416001836,0.184305889658338,0.287805130535564,0.196115160806247,1.0984823990138,200,"MXD1,TNFRSF9,NLRP3,SLC4A4,FFAR2,KIF1B,KLF6,PTAFR,NFKBIA,BEST1,GP1BA,CD14,PDPN,IL18R1,TNFAIP6,ITGB3,RNF144B,PLAUR,CSF1,TIMP1,TNFRSF1B,CHST2,ITGA5,SLC1A2,PSEN1,CD82,PVR,HAS2,OSM,SLC7A2,IRF7,ICAM4,NMUR1,SCN1B,RAF1,LDLR,STAB1,FPR1,ICAM1,RGS16,ADRM1,CMKLR1,NPFFR2,BST2,IFITM1,AXL,SEMA4D,ADGRE1,P2RY2,ICOSLG,LYN,NFKB1,IL1R1,CSF3R,LPAR1,HRH1,EIF2AK2,MEFV,GPR132,PTPRE,MSR1,OSMR,RHOG,IL1B,TLR2,TAPBP"
"HALLMARK_COMPLEMENT",0.136734693877551,0.227891156462585,0.116234148779716,-0.304586917629845,-1.19493949746732,200,"ERAP2,CD36,PDP1,DOCK10,KIF2A,FCN1,USP16,GNG2,ZEB1,DOCK9,RASGRP1,USP14,CD46,GNAI3,GNB4,GZMK,DYRK2,DUSP6,GMFB,PPP2CB,KLKB1,USP15,ADAM9,PIK3CG,LIPA,FYN,MMP8,LCK,LAMP2,RBSN,VCPIP1,DPP4,GATA3,CASP7,CBLB,CASP3,PIK3CA,RNF4,HPCAL4,FDX1,CD40LG,DGKH,DUSP5,CD55,LCP2,CALM1,CASP10,USP8,GPD2,CTSS,SH2B3,CA2,AKAP10,SPOCK2"
"HALLMARK_APOPTOSIS",0.18210197710718,0.293712866301903,0.0992333343771191,-0.305250980175457,-1.18007730524888,161,"SATB1,LEF1,CYLD,BNIP3L,ROCK1,GCH1,CDKN1B,FAS,XIAP,BIRC3,CTNNB1,CD69,PDCD4,DNM1L,ANKH,NEDD9,DNAJA1,DPYD,CCND2,CASP6,BCL10,CD2,CASP7,SAT1,CD44,CASP3,DAP3,MCL1,TNFSF10,BTG3,EMP1,HMGB2,WEE1,DCN,SOD1,DNAJC3,APP,SLC20A1,CASP8,TGFBR3,ENO2,IFNGR1,CDC25B,SMAD7,PPP3R1,CDK2,PEA15,BCL2L11,SC5D,RNASEL,ETF1,PTK2,CASP1"
"HALLMARK_KRAS_SIGNALING_UP",0.235714285714286,0.357142857142857,0.0833634065110386,-0.288455637449777,-1.13165410102984,200,"SATB1,BPGM,IL7R,RBM4,ETS1,PRELID3B,HDAC9,TRIB2,WDR33,NIN,DUSP6,CBR4,BIRC3,MMD,ST6GAL1,ZNF639,GALNT3,ZNF277,ANKH,ADAM17,AVL9,ERO1A,PTBP2,CCND2,GLRX,AMMECR1,KLF4,F2RL1,TRAF1,CCSER2,FBXO4,MAP3K1,PTGS2,FUCA1,EMP1,EVI5,IRF8,RABGAP1L,TSPAN13,STRN,USP12,MAP7,IKZF1,F13A1,CTSS,CA2,ID2,GPRC5B,EPB41L3,FGF9,BTBD3,KCNN4,PTCD2,AKAP12,IL2RG,TNFAIP3,AKT2,IL10RA,MAFB,CXCL10,ATG10"
"HALLMARK_WNT_BETA_CATENIN_SIGNALING",0.233496332518337,0.357142857142857,0.0940503465727813,-0.367070132777167,-1.1880175755961,42,"LEF1,CTNNB1,AXIN2,RBPJ,PTCH1,ADAM17,CCND2,SKP2,TCF7,HDAC2,JAG1,MYC,TP53,NUMB,FZD1"
"HALLMARK_BILE_ACID_METABOLISM",0.245989304812834,0.361748977665933,0.0835990603684159,-0.305709798906703,-1.14728787308286,112,"LONP2,ISOC1,EPHX2,ABCD3,PNPLA8,SCP2,LCK,ALDH8A1,OPTN,PEX1,PEX13,SOD1,IDH1,ALDH9A1,GNPAT,HSD17B11,PEX19,CAT,PHYH,EFHC1,NR3C2,ACSL5,SLC23A2,GCLM,SLC27A5,AMACR,IDI1,ALDH1A1,ABCA5,PEX7,PEX12"
"HALLMARK_P53_PATHWAY",0.375255623721881,0.536079462459831,0.059989249649033,-0.271102292851068,-1.06308358896226,199,"FBXW7,CCNG1,WWP1,ANKRA2,NOL8,PRMT2,LDHB,HINT1,ZMAT3,FAS,CDKN2AIP,TM7SF3,PVT1,SLC35D1,RPS27L,RB1,TRIAP1,TOB1,BLCAP,RCHY1,SESN1,ELP1,CCND2,KLF4,PPM1D,IER5,SAT1,MDM2,DNTTIP2,BTG1,FAM162A,CYFIP2,PCNA,FUCA1,RPL36,TSC22D1,DGKA,H2AJ,FOXO3,CGRRF1,NUDT15,APP,DRAM1,RAP2B,ERCC5,PITPNC1,RAD51C,EI24,CCP110,CD81,POLH,ADA,CSRNP2,RACK1,TP53"
"HALLMARK_HEDGEHOG_SIGNALING",0.44,0.611111111111111,0.147331213699377,0.246437525677836,1.01231168726598,36,"TLE3,TLE1,ADGRG1,NRP2,THY1,NRP1,PML,GLI1,NF1,OPHN1,PLG,NRCAM,SLIT1,HEY1,ACHE,MYH9,CRMP1,L1CAM,ETS2,HEY2,CELSR1,VLDLR,SHH"
"HALLMARK_APICAL_SURFACE",0.477011494252874,0.627646702964307,0.152144922367565,0.228705485247453,0.984618892730016,44,"SULF2,FLOT2,PLAUR,CROCC,EPHB4,THY1,NTNG1,B4GALT1,GSTM3,SLC34A3,LYN,BRCA1,AFAP1L2,EFNA5,SLC22A12,ATP8B1,LYPD3,GHRL"
"HALLMARK_REACTIVE_OXYGEN_SPECIES_PATHWAY",0.47239263803681,0.627646702964307,0.158514105424824,0.22442096738535,0.997706942466153,49,"GPX3,G6PD,MBP,SBNO2,FES,PRDX2,PRDX6,TXN,CDKN2D,TXNRD2"
"HALLMARK_SPERMATOGENESIS",0.555555555555556,0.712250712250712,0.0430173196927508,-0.253257793160294,-0.965054477789229,134,"CAMK4,SIRT1,TSN,DBF4,GMCL1,RAD17,STAM2,STRBP,AGFG1,PEBP1,LPIN1,COIL,ZC3H14,MLLT10,PRKAR2A,PSMG1,PIAS2,RFC4,TLE4,TOPBP1,PARP2,MAP7,VDAC3,CSNK2A2,SLC12A2"
"HALLMARK_UV_RESPONSE_UP",0.573514077163712,0.71689259645464,0.0413209506074822,-0.249498680201874,-0.963853305895004,158,"IL6ST,PPP1R2,TFRC,HNRNPU,GLS,RASGRP1,EIF5,GCH1,EIF2S3,DDX21,AQP3,HSPA13,AMD1,DNAJA1,NPTXR,CASP3,BTG1,RFC4,RAB27A,BTG3,CREG1,SELENOW,PARP2,GRPEL1,PPAT,CYB5B,CEBPG,POLE3,CA2,POLG2,ENO2,CDK2,ASNS,BCL2L11,TGFBRAP1,FEN1,SIGMAR1,PLCL1,KCNH2,OLFM1,CDC5L,PRPF3,CHKA,ATP6V1C1,EPHX1,PPT1,UROD,GGH,NAT1,HTR7"
"HALLMARK_GLYCOLYSIS",0.623469387755102,0.755915863277826,0.0364548541965309,-0.239239188302799,-0.938570696566986,200,"AGL,KIF2A,NT5E,AK3,SLC35A3,GFPT1,HS2ST1,GCLC,PPP2CB,NANP,RPE,ZNF292,PAXIP1,UGP2,STMN1,ERO1A,VCAN,CASP6,MDH1,DLD,GLRX,PPIA,DSC2,CD44,P4HA1,ARPP19,GNE,FAM162A,CITED2,SLC25A13,NASP,PGM2,DCN,SOD1,IDH1,SAP30,ALDH9A1,B3GALT6,FUT8,COG2,PRPS1,MPI"
"HALLMARK_TNFA_SIGNALING_VIA_NFKB",0.634969325153374,0.755915863277826,0.0356933083353341,-0.237362509389261,-0.930778510623834,199,"IL6ST,PTGER4,IL7R,TNFAIP8,TANK,GPR183,SLC16A6,BIRC2,ATP2B1,KLF10,GCH1,PANX1,BIRC3,CD69,IFIH1,SGK1,CCNL1,ZBTB10,REL,MAP3K8,KLF9,MARCKS,KLF4,F2RL1,TRAF1,IER5,SAT1,CD44,BTG1,MCL1,TGIF1,BTG3,PTGS2,PDE4B,TSC22D1,PNRC1,RCAN1,DUSP5,DRAM1,NAMPT,ACKR3,JAG1,ID2,PDLIM5,NFAT5,VEGFA,BHLHE40"
"HALLMARK_PANCREAS_BETA_CELLS",0.682266009852217,0.793332569595601,0.0409883873374721,-0.267998182337364,-0.861277174251099,40,"SRP9,SRPRB,DPP4,SPCS1,FOXO1,SEC11A,STXBP1,AKT3,SRP14"
"HALLMARK_CHOLESTEROL_HOMEOSTASIS",0.726495726495726,0.825563325563326,0.150169802128406,0.176088575814172,0.887383496238206,74,"CXCL16,CBS,CLU,ADH4,PLAUR,ANXA13,PDK3,MVD,STX5,LDLR,PLSCR1,FASN,CD9,MVK,FADS2,ABCA2,PCYT2,ATF5,GUSB,PPARG,SCD"
"HALLMARK_NOTCH_SIGNALING",0.751275510204082,0.834750566893424,0.0381628909049257,-0.260256053478276,-0.806158313031881,32,"PRKCA,TCF7L2,SKP1,MAML2,ST3GAL6,SAP30,JAG1,FZD1,FBXW11"
"HALLMARK_ESTROGEN_RESPONSE_EARLY",0.802658486707566,0.861250665617114,0.0239329549624917,-0.21539667638139,-0.844244715310455,198,"SLC39A6,IL6ST,ADD3,BCL2,RETREG1,DYNLT3,RASGRP1,SLC26A2,LRIG1,MYBL1,NRIP1,KLF10,BCL11B,TIAM1,AQP3,MYB,FCMR,TOB1,UGCG,ELOVL5,OPN3,KLF4,CD44,ABLIM1,MAST4,RBBP8,INPP5F,MREG,TGM2,MED13L,CISH,AFF1,AKAP1,SLC16A1"
"HALLMARK_IL6_JAK_STAT3_SIGNALING",0.809575625680087,0.861250665617114,0.0268158762373842,-0.215834906488576,-0.791742108840632,87,"CD36,IL6ST,ITGA4,PTPN11,STAM2,FAS,PTPN2,PDGFC,MAP3K8,STAT1,CD44"
"HALLMARK_ESTROGEN_RESPONSE_LATE",0.855828220858896,0.89148773006135,0.0201955124804332,-0.207025573670826,-0.811434277640561,198,"IL6ST,ADD3,BCL2,DYNLT3,SLC26A2,HPRT1,NRIP1,SNX10,TIAM1,RABEP1,COX6C,PDCD4,MYB,SGK1,TOB1,ELOVL5,FABP5,OPN3,MEST,ALDH3A2,KLF4,CD44,MOCS2,RBBP8,BTG3,METTL3,TSPAN13,CISH,AFF1,SLC16A1,UGDH,SLC1A4,XBP1,CA2,ID2,CHPT1,MYOF"
"HALLMARK_HYPOXIA",0.907142857142857,0.925655976676385,0.0161937051076875,-0.196041096589016,-0.769098197860572,200,"BCL2,RORA,ETS1,NR3C1,PRKCA,BNIP3L,PDK1,TPD52,CCNG2,CDKN1B,RBPJ,KDM3A,ZNF292,KLHL24,ATP7A,UGP2,ERO1A,CASP6,GLRX,P4HA1,BTG1,MAP3K1,FAM162A,CITED2,PGM2,DCN,PNRC1,TGM2,SAP30,B3GALT6,FOXO3,HEXA,PLIN2,ACKR3,AMPD3,GBE1,TES,RRAGD,ENO2,VEGFA,BHLHE40,PGK1"
"HALLMARK_XENOBIOTIC_METABOLISM",0.951020408163265,0.951020408163265,0.0124136372369971,-0.182367203316988,-0.715453493478505,200,"CD36,ADH5,ACP1,MARCHF6,HPRT1,GART,PTGES3,GCH1,GCLC,FAS,SAR1B,TMEM97,MAN1A1,SLC35D1,ELOVL5,CASP6,PGRMC1,MCCC2,SSR3,ARPP19,CYFIP2,PDK4,KARS1,ENTPD5,IRF8,IDH1,ALDH9A1,MTHFD1,CAT,UGDH,CA2,ID2,ATP2A2,PDLIM5,NFS1,GSTM4"
